id,name,model_id:id,group_id:id,perm_read,perm_write,perm_create,perm_unlink
access_elks_newsletter_issue_editor,elks.newsletter.issue.editor,model_elks_newsletter_issue,group_elks_newsletter_editor,1,1,1,0
access_elks_newsletter_issue_manager,elks.newsletter.issue.manager,model_elks_newsletter_issue,group_elks_newsletter_manager,1,1,1,1
access_elks_newsletter_template_editor,elks.newsletter.template.editor,model_elks_newsletter_template,group_elks_newsletter_editor,1,0,0,0
access_elks_newsletter_template_manager,elks.newsletter.template.manager,model_elks_newsletter_template,group_elks_newsletter_manager,1,1,1,1
access_elks_newsletter_in_memoriam_wizard_editor,elks.newsletter.in.memoriam.wizard.editor,model_elks_newsletter_in_memoriam_wizard,group_elks_newsletter_editor,1,1,1,1
access_elks_newsletter_in_memoriam_wizard_manager,elks.newsletter.in.memoriam.wizard.manager,model_elks_newsletter_in_memoriam_wizard,group_elks_newsletter_manager,1,1,1,1
access_elks_newsletter_new_member_wizard_editor,elks.newsletter.new.member.wizard.editor,model_elks_newsletter_new_member_wizard,group_elks_newsletter_editor,1,1,1,1
access_elks_newsletter_new_member_wizard_manager,elks.newsletter.new.member.wizard.manager,model_elks_newsletter_new_member_wizard,group_elks_newsletter_manager,1,1,1,1
access_newsletter_archive_editor,newsletter.archive.editor,model_elks_newsletter_archive,group_elks_newsletter_editor,1,1,1,0
access_newsletter_archive_manager,newsletter.archive.manager,model_elks_newsletter_archive,group_elks_newsletter_manager,1,1,1,1
